Model,MAE
RFECV,58.774744886605646
Linear,64.26643813235611
Dummy,86.61822697033598
